Workbook

Sheet Leia-me
A1: Fazenda Espacial — Simulação do Loop Idle
A2: Referente a docs/04-prototipo-0-loop-idle.md
A5: Como usar esta planilha:
A6: 1. Edite as células AZUIS na aba 'Parametros_Cultivos' e 'Cenarios_Sessao' — são os únicos valores de entrada.
A7: 2. As células PRETAS são fórmulas calculadas automaticamente — não precisa (e não deve) editar.
A8: 3. A aba 'Simulacao_Semanal' recalcula sozinha conforme você muda os parâmetros.
A9: 4. Ajuste os números até o ritmo de espera/retorno parecer certo (ver perguntas de validação no final).
A11: Legenda de cores:
A13: Entrada (edite livremente)
A14: Fórmula (não editar)
A16: Perguntas de validação (ver aba Simulacao_Semanal):
A17: - Jogador casual perde muitos ciclos por dia? Se sim, aumente a capacidade de armazenamento (não a produção por ciclo).
... A19: - O ritmo de checagem (1x/dia vs 3-4x/dia) parece saudável para cada cultivo, ou frustrante / irrelevante?

Sheet Parametros_Cultivos
A1: Parâmetros dos Cultivos
A2: Edite as colunas azuis (B a D). As colunas E e F recalculam sozinhas.
A4: Cultivo | B4: Tempo de crescimento (h) | C4: Produção por ciclo (un) | D4: Capacidade de armazenamento (un) | E4: Ciclos até saturar (calc.) | F4: Horas até saturar (calc.)
A5: Trigo Lunar | B5: 2 | C5: 10 | D5: 30 | E5: =D5/C5 -> 3 | F5: =E5*B5 -> 6
A6: Fibra Estelar | B6: 18 | C6: 5 | D6: 15 | E6: =D6/C6 -> 3 | F6: =E6*B6 -> 54

Sheet Cenarios_Sessao
A1: Cenários de Comportamento do Jogador
A2: Edite a coluna azul (Sessões por dia). A coluna calculada recalcula sozinha.
A4: Cenário | B4: Sessões por dia | C4: Horas entre sessões (calc.)
A5: Casual (1x/dia) | B5: 1 | C5: =24/B5 -> 24
A6: Dedicado (3-4x/dia) | B6: 4 | C6: =24/B6 -> 6

Sheet Simulacao_Semanal
A1: Simulação Semanal — Coleta vs. Desperdício
A2: Tudo aqui é calculado a partir das abas Parametros_Cultivos e Cenarios_Sessao. Não editar.
A4: Cenário | B4: Cultivo | C4: Sessões/dia | D4: Horas entre sessões | E4: Ciclos possíveis/sessão | F4: Ciclos capacidade (cultivo) | G4: Ciclos coletados/sessão | H4: Ciclos perdidos/sessão | I4: % de ciclos perdidos | J4: Unidades coletadas/dia | K4: Unidades coletadas/semana
A5: =Cenarios_Sessao!A5 -> Casual (1x/dia) | B5: =Parametros_Cultivos!A5 -> Trigo Lunar | C5: =INDEX(Cenarios_Sessao!B5:B6,MATCH(A5,Cenarios_Sessao!A5:A6,0)) -> 1 | D5: =INDEX(Cenarios_Sessao!C5:C6,MATCH(A5,Cenarios_Sessao!A5:A6,0)) -> 24 | E5: =FLOOR(D5/INDEX(Parametros_Cultivos!B5:B6,MATCH(B5,Parametros_Cultivos!A5:A6,0)),1) -> 12 | F5: =INDEX(Parametros_Cultivos!E5:E6,MATCH(B5,Parametros_Cultivos!A5:A6,0)) -> 3 | G5: =MIN(E5,F5) -> 3 | H5: =MAX(E5-F5,0) -> 9 | I5: =IFERROR(H5/E5,0) -> 0.75 | J5: =G5*INDEX(Parametros_Cultivos!C5:C6,MATCH(B5,Parametros_Cultivos!A5:A6,0))*C5 -> 30 | K5: =J5*7 -> 210
A6: =Cenarios_Sessao!A5 -> Casual (1x/dia) | B6: =Parametros_Cultivos!A6 -> Fibra Estelar | C6: =INDEX(Cenarios_Sessao!B5:B6,MATCH(A6,Cenarios_Sessao!A5:A6,0)) -> 1 | D6: =INDEX(Cenarios_Sessao!C5:C6,MATCH(A6,Cenarios_Sessao!A5:A6,0)) -> 24 | E6: =FLOOR(D6/INDEX(Parametros_Cultivos!B5:B6,MATCH(B6,Parametros_Cultivos!A5:A6,0)),1) -> 1 | F6: =INDEX(Parametros_Cultivos!E5:E6,MATCH(B6,Parametros_Cultivos!A5:A6,0)) -> 3 | G6: =MIN(E6,F6) -> 1 | H6: =MAX(E6-F6,0) -> 0 | I6: =IFERROR(H6/E6,0) -> 0 | J6: =G6*INDEX(Parametros_Cultivos!C5:C6,MATCH(B6,Parametros_Cultivos!A5:A6,0))*C6 -> 5 | K6: =J6*7 -> 35
A7: =Cenarios_Sessao!A6 -> Dedicado (3-4x/dia) | B7: =Parametros_Cultivos!A5 -> Trigo Lunar | C7: =INDEX(Cenarios_Sessao!B5:B6,MATCH(A7,Cenarios_Sessao!A5:A6,0)) -> 4 | D7: =INDEX(Cenarios_Sessao!C5:C6,MATCH(A7,Cenarios_Sessao!A5:A6,0)) -> 6 | E7: =FLOOR(D7/INDEX(Parametros_Cultivos!B5:B6,MATCH(B7,Parametros_Cultivos!A5:A6,0)),1) -> 3 | F7: =INDEX(Parametros_Cultivos!E5:E6,MATCH(B7,Parametros_Cultivos!A5:A6,0)) -> 3 | G7: =MIN(E7,F7) -> 3 | H7: =MAX(E7-F7,0) -> 0 | I7: =IFERROR(H7/E7,0) -> 0 | J7: =G7*INDEX(Parametros_Cultivos!C5:C6,MATCH(B7,Parametros_Cultivos!A5:A6,0))*C7 -> 120 | K7: =J7*7 -> 840
A8: =Cenarios_Sessao!A6 -> Dedicado (3-4x/dia) | B8: =Parametros_Cultivos!A6 -> Fibra Estelar | C8: =INDEX(Cenarios_Sessao!B5:B6,MATCH(A8,Cenarios_Sessao!A5:A6,0)) -> 4 | D8: =INDEX(Cenarios_Sessao!C5:C6,MATCH(A8,Cenarios_Sessao!A5:A6,0)) -> 6 | E8: =FLOOR(D8/INDEX(Parametros_Cultivos!B5:B6,MATCH(B8,Parametros_Cultivos!A5:A6,0)),1) -> 0 | F8: =INDEX(Parametros_Cultivos!E5:E6,MATCH(B8,Parametros_Cultivos!A5:A6,0)) -> 3 | G8: =MIN(E8,F8) -> 0 | H8: =MAX(E8-F8,0) -> 0 | I8: =IFERROR(H8/E8,0) -> 0 | J8: =G8*INDEX(Parametros_Cultivos!C5:C6,MATCH(B8,Parametros_Cultivos!A5:A6,0))*C8 -> 0 | K8: =J8*7 -> 0
A11: Como ler: '% de ciclos perdidos' alto = jogador está perdendo produção por falta de armazenamento.
A12: Ajuste primeiro a Capacidade de armazenamento (aba Parametros_Cultivos) antes de mexer em produção ou tempo de ciclo.
